Step,EvalAcc
0.000316,0.39
0.001000,0.38
0.003162,0.59
0.010000,0.9184
0.031600,0.9176
0.100000,0.9145
0.316000,0.91
1.000000,0.88
3.162278,0.51
