{
    "_failed Repos": {
        "FalseNeg": [
            "2305.16591",
            "2211.12494",
            "1709.06691",
            "2006.09044",
            "1611.06933",
            "1912.12055",
            "1707.08551",
            "2208.13094",
            "1809.09307",
            "2109.01100",
            "1905.07808",
            "2204.09680",
            "2211.08333",
            "2302.05564",
            "2008.06456",
            "2109.09412",
            "1707.06588",
            "2002.08233",
            "2110.01446",
            "1906.03720",
            "1706.03883",
            "2110.14341",
            "2207.02242",
            "2201.04768",
            "2106.10955",
            "1603.05867",
            "2210.08826",
            "2210.15274",
            "2303.10131",
            "2107.09947",
            "2204.12201",
            "2103.04388",
            "2104.12087",
            "2307.04291",
            "1708.02286",
            "2109.12599",
            "2309.04197",
            "2309.03914",
            "2205.03313",
            "2208.08888",
            "2307.10793",
            "2108.01368",
            "2108.06771",
            "2206.11022",
            "2110.00428",
            "1902.03984",
            "2202.10728",
            "1904.04174",
            "2204.08775",
            "1903.10583",
            "2107.03200",
            "2103.06263",
            "2010.08138"
        ],
        "FalsePos": []
    },
    "f1_score": 0.6863905325443787,
    "precision": 1.0,
    "recall": 0.5225225225225225
}