Step,TrainAcc,TestAcc
0.031600,0.9569,0.8534
0.100000,0.9822,0.8795
0.316000,0.9705,0.8856
1.000000,0.9134,0.8511

