Step,TrainAcc,TestAcc
0.031600,0.9874,0.9122
0.100000,0.9862,0.9103
0.316000,0.9752,0.8837
1.000000,0.9127,0.8303

