Step,TrainAcc,EvalAcc,TestAcc
1.0000,0.994007,0.901172,0.866792
