Step,TrainAcc,TestAcc
0.031600,0.9942,0.9172
0.100000,0.9893,0.9113
0.316000,0.9811,0.9003
1.000000,0.9589,0.8852

