Step,TrainAcc,TestAcc
0.031600,0.9171,0.8331
0.100000,0.9803,0.8636
0.316000,0.9764,0.8853
1.000000,0.9428,0.8767

