Step,TrainAcc,TestAcc
0.031600,0.9932,0.9244
0.100000,0.988,0.91
0.316000,0.9796,0.896
1.000000,0.9476,0.877

