Step,TrainAcc,TestAcc
0.031600,0.9352,0.8378
0.100000,0.981,0.867
0.316000,0.9728,0.893
1.000000,0.93,0.827

