Step,EvalAcc
0.000316,0.89
0.001000,0.8264
0.003162,0.9197
0.010000,0.9184
0.031600,0.9266
0.100000,0.929
0.316000,0.91
1.000000,0.87
3.162278,0.73
